{"stats":{"minecraft:killed":{"minecraft:sheep":3,"minecraft:pillager":20,"minecraft:bee":1},"minecraft:mined":{"minecraft:spruce_log":2},"minecraft:custom":{"minecraft:time_since_rest":6431,"minecraft:play_time":6431,"minecraft:sprint_one_cm":12839,"minecraft:walk_one_cm":16755,"minecraft:sneak_time":28,"minecraft:mob_kills":24,"minecraft:jump":114,"minecraft:damage_dealt":3816,"minecraft:walk_on_water_one_cm":255,"minecraft:leave_game":5,"minecraft:time_since_death":6431,"minecraft:total_world_time":6431,"minecraft:interact_with_crafting_table":1,"minecraft:fall_one_cm":685,"minecraft:fly_one_cm":46246},"minecraft:used":{"minecraft:netherite_sword":53,"minecraft:end_crystal":33,"minecraft:crafting_table":1,"minecraft:obsidian":20,"minecraft:pillager_spawn_egg":20},"minecraft:crafted":{"minecraft:wooden_sword":1,"minecraft:crafting_table":1,"minecraft:spruce_planks":8,"minecraft:stick":4},"minecraft:picked_up":{"minecraft:white_banner":1,"minecraft:raw_copper":1,"minecraft:apple":1,"minecraft:andesite":3,"minecraft:gravel":10,"minecraft:spruce_log":3,"minecraft:mutton":4,"minecraft:dirt":28,"minecraft:white_wool":3}},"DataVersion":3465}