{"stats":{"minecraft:picked_up":{"minecraft:raw_copper":1,"minecraft:apple":1,"minecraft:andesite":3,"minecraft:gravel":10,"minecraft:spruce_log":3,"minecraft:mutton":4,"minecraft:dirt":28,"minecraft:white_wool":3},"minecraft:used":{"minecraft:netherite_sword":39,"minecraft:end_crystal":28,"minecraft:crafting_table":1,"minecraft:obsidian":16,"minecraft:pillager_spawn_egg":18},"minecraft:crafted":{"minecraft:wooden_sword":1,"minecraft:crafting_table":1,"minecraft:spruce_planks":8,"minecraft:stick":4},"minecraft:custom":{"minecraft:time_since_rest":5742,"minecraft:play_time":5742,"minecraft:sprint_one_cm":10120,"minecraft:walk_one_cm":14241,"minecraft:sneak_time":28,"minecraft:mob_kills":14,"minecraft:jump":88,"minecraft:damage_dealt":2896,"minecraft:leave_game":3,"minecraft:time_since_death":5742,"minecraft:total_world_time":5742,"minecraft:interact_with_crafting_table":1,"minecraft:fall_one_cm":685,"minecraft:fly_one_cm":42447},"minecraft:killed":{"minecraft:sheep":3,"minecraft:pillager":10,"minecraft:bee":1},"minecraft:mined":{"minecraft:spruce_log":2}},"DataVersion":3465}