{"stats":{"minecraft:crafted":{"minecraft:wooden_sword":1,"minecraft:crafting_table":1,"minecraft:spruce_planks":8,"minecraft:stick":4},"minecraft:picked_up":{"minecraft:raw_copper":1,"minecraft:apple":1,"minecraft:andesite":3,"minecraft:gravel":10,"minecraft:spruce_log":3,"minecraft:mutton":4,"minecraft:dirt":28,"minecraft:white_wool":3},"minecraft:custom":{"minecraft:time_since_rest":4995,"minecraft:sprint_one_cm":8334,"minecraft:play_time":4995,"minecraft:walk_one_cm":12317,"minecraft:sneak_time":11,"minecraft:mob_kills":12,"minecraft:jump":75,"minecraft:damage_dealt":2160,"minecraft:leave_game":2,"minecraft:time_since_death":4995,"minecraft:total_world_time":4995,"minecraft:interact_with_crafting_table":1,"minecraft:fall_one_cm":685,"minecraft:fly_one_cm":39366},"minecraft:used":{"minecraft:netherite_sword":29,"minecraft:end_crystal":22,"minecraft:crafting_table":1,"minecraft:obsidian":14,"minecraft:pillager_spawn_egg":8},"minecraft:mined":{"minecraft:spruce_log":2},"minecraft:killed":{"minecraft:sheep":3,"minecraft:pillager":8,"minecraft:bee":1}},"DataVersion":3465}